tag						
髮帶	電池	電池				
髮帶	巧克力					
髮帶	鋼珠筆	便條				
髮束	筆芯	口罩	筆芯			
髮束	筆芯	筆芯				
髮束	髮束					
髮束	牙膏	筆芯	螢光筆			
髮束						
髮束	貼紙	背心袋				
髮束	糖	餅				
髮束	背心袋					
髮束	髮帶					
髮束	電池					
修正帶	修正帶					
修正帶	筆芯	筆芯				
修正帶	筆芯	修正帶	便條			
修正帶						
修正帶	筆芯	橡皮擦				
修正帶	筆芯	螢光筆	螢光筆			
修正帶	螢光筆					
修正帶	優格					
修正帶	筆芯	筆芯	筆管			
修正帶	筆芯	筆芯				
修正帶	筆芯	筆芯				
修正帶	修正帶	筆袋				
修正帶	螢光筆	原子筆				
修正帶	筆芯	筆芯				
修正帶	果汁筆	髮帶				
修正帶	釘書機	修正帶				
修正帶	蠟筆	筆袋				
修正帶	筆芯					
修正帶	奇異筆	螢光筆				
修正帶	修正袋					
修正帶	筆芯	筆芯				
修正帶	原子筆	修正帶	修正帶			
修正帶	剪刀	修正帶				
修正帶	海綿	背心袋				
包裝紙	包裝紙	包裝紙				
包裝紙	雙面膠帶	鉛筆				
包裝紙	背心袋					
包裝紙	卡片	貼紙				
包裝紙	貼紙	紙膠帶				
包裝紙	海苔	護墊				
包裝紙	背心袋					
包裝紙	包裝紙					
包裝紙	筆芯	修正帶				
包裝紙	跳繩					
包裝紙	便條	包裝紙	包裝紙			
原子筆	自動鉛筆					
原子筆	鉛筆	蠟筆	原子筆			
原子筆	毛線	包裝紙				
原子筆	筆芯					
原子筆	洗衣網袋					
原子筆	原子筆	原子筆				
原子筆	便條	便條	筆芯	便條	筆芯	
原子筆	便條					
原子筆	剪刀	筆芯	筆芯	筆芯		
原子筆	筆	奇異筆				
原子筆	面紙	牙膏	海苔			
原子筆	原子筆	筆芯	髮束			
原子筆	螢光筆					
原子筆	鋼珠筆	原子筆				
原子筆	衣物清新噴霧	背心袋				
原子筆	原子筆	標籤				
原子筆	原子筆	筆芯	筆芯	筆芯		
原子筆	筆芯	修正帶	鉛筆			
原子筆	便條	原子筆				
原子筆	原子筆	貼紙				
原子筆	原子筆					
原子筆	筆記本	原子筆				
原子筆	膠帶	鋼珠筆				
原子筆	粉彩紙					
原子筆						
原子筆	棉花棒					
原子筆	筆芯	筆管				
原子筆	原子筆					
原子筆	口罩					
原子筆	提袋					
原子筆	原子筆	牙膏				
原子筆	背心袋	修正帶				
原子筆	原子筆	橡皮擦				
原子筆						
原子筆						
原子筆	筆記本	背心袋				
原子筆	替換帶	自動鉛筆				
原子筆						
原子筆	筆芯	筆芯				
原子筆	背心袋					
原子筆						
原子筆	背心袋					
原子筆	筆芯	替換帶				
原子筆	蠟筆	蠟筆				
原子筆	原子筆	筆芯				
原子筆	中性筆	背心袋				
原子筆	吊飾	筆芯				
奇異筆	信封	打孔鉗	螢光筆			
奇異筆	奇異筆	麥克筆	USB	麥克筆	背心袋	
奇異筆	蠟筆	原子筆				
奇異筆	鉛筆	圖釘				
奇異筆	讀卡機					
奇異筆	簽字筆					
奇異筆	祝福卡					
奇異筆	膠帶	糖				
奇異筆	奇異筆	簽字筆	膠帶			
奇異筆	奇異筆	奇異筆				
奇異筆	背心袋	膠帶	蠟筆			
奇異筆	膠帶	背心袋	螢光筆			
奇異筆	奇異筆	螢光筆				
奇異筆	奇異筆	奇異筆				
奇異筆	奇異筆	小木夾				
奇異筆	便條紙	噴霧				
奇異筆						
奇異筆	泡棉膠帶					
奇異筆	紙					
奇異筆	背心袋	背心袋				
巧克力	海苔	背心袋				
巧克力	牛奶					
巧克力	衛生棉					
巧克力	牙刷	背心袋				
巧克力	背心袋	洗衣精				
巧克力	巧克力					
巧克力	奇異筆	原子筆				
巧克力	背心袋	耳環				
巧克力						
巧克力	巧克力	巧克力				
巧克力	巧克力					
巧克力	螢光筆	背心袋				
巧克力	筆管	筆芯				
巧克力	糖	巧克力				
巧克力	奇多					
巧克力	薄荷糖	筆芯	糖			
巧克力	糖	筆芯	起士			
巧克力	巧克力	牛奶				
巧克力	毛巾					
巧克力	糖					
巧克力						
巧克力	糖	糖				
巧克力	修正帶					
巧克力	巧克力					
巧克力	巧克力					
巧克力	背心袋	餅乾				
巧克力	起士					
替換帶	馬桶刷	修正帶				
替換帶	筆芯	清潔劑				
替換帶	替換帶	替換帶	替換帶	修正帶		
替換帶	筆芯	筆芯	筆芯			
替換帶	原子筆					
替換帶	原子筆	標籤				
替換帶	背膠軟磁片	螢光筆	白板	果汁筆		
替換帶	筆芯	螢光筆				
果汁筆	筆芯	筆芯				
果汁筆	筆芯	背心袋				
果汁筆	果汁筆					
軟管	垃圾袋	電池	電池			
波的多焗烤起司	剪刀	仙貝	貼紙			
膠水	美工刀	標籤				
菜瓜布	筆芯	修正帶				
筆管	筆芯	茶包				
鋼筆	美工刀	剪刀	電池			
迴紋針	膠帶					
孔夾	圓規					
隨身本						
海苔						
隨身本	收納盒					
手套	筆記本					
小木夾	信封					
蠟燭	包裝紙	背心袋				
紙膠帶	膠帶	紙帶				
長尾夾	標籤	迴紋針				
柔濕巾	噴瓶	髮箍				
保麗龍	毛線	毛線				
資料夾						
口香糖	餅乾	餅乾				
彩虹筆						
唇膏	牙刷	面紙				
香皂	香皂	牙膏				
浴帽	棉花棒					
膠水	膠帶	膠帶				
日記帳	膠帶					
口紅膠	筆芯	橡皮擦				
筆袋	筆芯	鉛筆				
不織布						
直尺	牙刷	牙刷				
收納袋	橡皮擦					
撲克牌	便條					
肥皂盒	牙膏					
修正液						
冰棒	糖	糖				
耳機	筆芯	筆芯				
禮卡						
口紅膠	信封	膠帶				
白板	掛勾					
手套						
筆袋	自動鉛筆					
濃湯捲	小王子麵	餅	錫箔包裝紙			
名片卡	筆芯					
毛筆	面膜					
襪套	面霜罐	口罩				
名片	修正帶					
襪套	磁鐵	蠟筆				
筆管	筆芯	剪刀				
紙袋	立體卡					
菜瓜布	背心袋	貼紙	電池			
拖把	菜瓜布					
CD	吊飾					
文件夾	背心袋	糖	軟糖	軟糖		
圓珠筆	鉛筆					
CD	原子筆					
紅包袋	膠帶					
抹布						
口紅膠	筆芯	便條紙				
彩虹筆	牙線	口罩	牙刷			
洗衣網						
訂書針	膠帶	泡棉膠帶				
線圈本	貼紙	貼紙				
棉花	膠帶					
美工刀	背心袋					
活頁紙	量杯					
拉鍊袋	蠟筆					
衣架	衣架					
書衣						
書衣	橡皮擦					
圓珠筆	原子筆					
別針	顏料					
紅包袋	紅包袋	紅包袋				
彩色筆	蠟筆	筆芯				
圖釘	白板	白板				
吊飾						
網袋	白板筆	白板筆				
滋露						
仙貝	餅	背心袋				
筆管	筆管					
感謝卡	卡片	生日卡	生日卡			
小木夾	貼紙	螢光筆				
便利貼	膠帶					
筆管	筆芯	筆芯				
牛皮紙信封	貼紙	便條				
刮刮卡	便條					
牛奶	糖					
小禮卡						
粉撲						
錫箔包裝紙	原子筆	原子筆				
筆管	筆袋	筆芯				
牛皮紙						
白板	白板筆	白板筆	白板筆			
棉布	貼布					
迴紋針	剪刀	貼紙				
彩色筆	棉花棒					
泡芙	茶	背心袋				
衣架						
水壺	背心袋					
識別證袋	證件繩金屬夾	標籤				
明信片	釘書機	貼紙	筆芯			
牙線						
紙膠帶	膠帶	膠帶				
掛飾	立體卡	膠帶				
香氛袋	香氛袋	背心袋				
沐浴乳	月曆					
訂書針	筆芯	膠水				
衣夾	衣夾					
牙線	背心袋					
鎖圈	牙刷					
衣物香氛袋	牙膏	衣物香氛袋				
濕拖巾	筆芯	筆芯				
衣物香氛袋	螢光筆					
糖果	筆芯					
紙膠帶	紙膠帶	口罩	禮物袋	膠帶		
釘書機	膠帶	膠帶				
燈泡	電池					
筆袋	筆芯	筆芯				
膠台	膠帶	膠帶	膠帶			
毛巾	衛生紙	背心袋	剪刀	修正帶		
收納袋	背心袋					
祝福卡	貼紙					
手套						
彩色筆						
修正液	糖	背心袋				
軟糖	拖鞋					
濃湯	糖	背心袋				
卡紙	印台					
筆管	筆芯	替換帶				
洗衣網	提籃					
資料袋	膠帶	貼紙				
噴槍	面霜	肥皂盒				
掛飾	原子筆	果汁筆				
長尾夾	便利袋	背心袋				
糖果	鞋帶					
積木	撲克牌					
小木夾	原子筆					
水彩	水彩	筆芯	筆芯			
起司	便條貼	水				
便利貼	膠帶	貼紙				
海綿						
明信片	糖	標籤				
水彩	筆芯	筆管				
軟糖	膠帶	膠帶				
水						
棉花棒	背心袋	牙膏				
棉花						
牛奶	糖	牙膏				
緞帶						
菜瓜布						
白膠	修正袋					
名片	膠帶					
筆管	筆芯					
手提紙袋	信封	膠帶				
濕紙巾	面紙	濕巾				
便利貼	蠟筆					
印台	筆芯					
海苔	膠帶					
彩色筆	背心袋					
掛勾	瓦楞					
紙帶	膠帶	膠帶				
印章	印章					
簽字筆	螢光筆	筆芯				
掛繩	筆削					
紙帶	巧克力	標籤				
標示便條	修正帶	筆芯				
衛生棉						
筆管	筆芯					
索引片	標籤	標籤	標籤			
手套						
積木	包裝紙	積木				
牙線	牙刷	棉花棒				
收納袋	鞋墊					
沐浴乳	牙線	背心袋				
樂扣水壺	玻璃					
蛋糕	貼紙	祝福卡				
紅包袋	紅包袋	紅包袋				
小木夾	貼紙					
牛皮紙信封	便條					
訂書針						
粉彩紙	標籤	標籤				
美工刀	修正帶	筆袋				
卡紙						
提袋	膠帶					
畫本	筆芯	自動鉛筆				
量販包						
插頭						
網袋	筆芯	筆芯	牙刷			
刮刮卡	鉛筆	螢光筆				
吊飾						
禮卡	筆芯	果汁筆	蠟筆			
便利貼						
軟糖	糖					
提袋	提袋					
長尾夾	膠帶					
布膠帶	環保袋	輕便袋				
冰棒工藝	筆芯	便條紙	筆芯			
板夾	板夾	板夾				
活頁紙	孔夾	行事曆	牙膏			
浴巾	背心袋	髮帶				
棉布	背心袋					
禮卡						
名片卡	卡片					
圓珠筆						
USB	膠帶					
海苔	背心袋					
計算機	剪刀	信封	背心袋			
USB	筆芯					
除濕桶	背心袋					
收納盒	口罩					
貼布	糖	卡片				
小木夾	水彩筆	水彩筆				
彩虹筆	筆芯	筆芯	鉛筆			
釘書機	筆芯	魔擦筆				
海綿	消臭劑	背心袋				
手機防水袋	筆芯	筆芯				
筆削	便條	鉛筆				
海苔	電池	口罩				
暖暖包						
粉撲	鞋墊					
口紅膠	蠟筆					
浴帽	香皂					
濕紙巾	膠帶	紙膠帶	貼紙	膠帶	膠帶	
筆管	筆芯	修正帶				
藥盒						
便條紙	膠帶	筆芯				
氣球						
書架	滑鼠墊					
小禮卡	膠帶					
計算紙	蠟筆	原子筆				
輕便袋	原子筆	原子筆				
印台	信封	背心袋				
簽字筆	筆芯	筆芯	筆芯			
耳機	浴帽	標籤	背心袋			
烏龍茶	背心袋	咖啡				
紙膠帶	膠帶	小禮卡	膠帶			
刮刮卡						
便利貼						
棒棒糖	海苔					
牙線棒	牙膏	泡棉				
衣物香氛袋	衣物清新噴霧					
牛皮紙	自動鉛筆	膠帶				
計算紙	白板筆					
資料袋	膠帶					
口紅膠	膠帶	修正帶	膠帶	膠帶		
彩色鉛筆						
掛勾						
紙膠帶	紙膠帶	膠帶				
鋼筆	筆芯					
筆管	筆芯	筆芯				
菜瓜布						
名片	背心袋					
識別證袋	筆芯	背心袋	鉛筆			
明信片	卡片	原子筆				
泡棉	電池					
便利貼	膠帶					
貼布	筆芯					
吊飾						
水	白板條	餅乾				
草莓棒						
粉彩紙	剪刀	顏料				
紅包袋	春聯	膠帶				
禮卡	禮卡					
收納袋						
修正液	公文袋	自動鉛筆				
香氛袋	餅	背心袋				
安全帽	口罩					
湯匙	拖把	卡片				
玻璃						
禮卡	原子筆					
紙膠帶	膠帶	紙帶				
祝福卡	明信片					
美工刀	口罩					
綠茶	背心袋					
支架	口罩					
收納盒						
瓦楞板	直尺	美工刀				
筆袋						
雨衣	米果					
板夾	膠帶	標籤				
杯刷						
量販包	剪刀					
禮卡	明信片	卡片				
海苔	餅	糖				
麻繩	剪刀	背心袋				
滑鼠						
賀年卡	奇異筆					
便條紙	便條	標籤				
吸管	背心袋					
筆管	筆芯	筆芯				
畫板	毛巾					
長尾夾	酒精	強力磁鐵				
仙貝	細針竹炭12襪	背心袋				
月曆						
麵	糖	茶				
訂書針						
紅包袋	洗髮乳					
便利貼	貼紙					
明信片						
萬用卡	卡片					
衣物香氛袋	濃湯					
筆管	筆芯	筆芯				
黏土	噴瓶	膠帶				
春聯	雙面膠帶	膠帶				
便條貼	便條	便條貼				
糖	糖	糖				
糖	背心袋	糖				
糖	糖	餅	巧克力			
糖	糖					
糖	棉花	糖				
糖	糖					
糖	糖	糖				
糖	糖	糖				
糖	棉花糖	糖				
糖	貼紙	背心袋				
茶	茶	檸檬紅茶				
茶	茶	背心袋				
茶	電池	筆芯				
茶	原子筆	標籤				
茶	濃湯					
餅	餅	背心袋				
餅	餅乾	餅乾				
餅	筆芯	筆芯				
餅	餅					
餅						
便條	膠帶	膠帶				
便條	便條					
便條	撲克牌					
便條	修正帶	便條	便條			
便條	夾子	鋼珠筆				
便條	背心袋					
便條	雙面膠帶					
便條	標籤	印章				
便條	便條	筆芯				
便條	便條紙	便條紙	便條			
便條	輕便袋	彩虹筆				
便條	膠帶	修正帶				
便條	便條					
便條	白板筆	便條				
便條	貼紙	膠帶				
便條	便條	便條				
便條	果汁筆					
便條	名片	便條				
便條						
便條	貼紙	便條	貼紙			
便條	鋼珠筆	鋼珠筆				
便條	膠帶					
便條	貼紙					
便條	便條	原子筆	鉛筆			
便條	便條	便條	標籤			
便條	便條					
便條	口紅膠	螢光筆	螢光筆			
便條	筆芯					
便條	便條					
信封	吊飾					
信封	標籤	菜瓜布				
信封	背心袋	鋁箔包裝紙				
信封	信封	方巾				
信封	筆芯					
信封	膠帶	便利貼				
信封	信封					
剪刀	修正帶	鋼珠筆				
剪刀	資料袋	膠帶	迴紋針			
剪刀	糖					
卡片	蠟筆					
卡片	生日卡					
卡片	卡片	卡片	生日卡			
卡片	筆芯					
卡片	餅乾					
卡片	衛生紙					
卡片	卡片					
卡片	筆芯	筆芯	貼紙			
口罩	口罩	口罩				
口罩	藥盒					
口罩	背心袋	電池				
口罩	替換帶	貼布				
口罩	口罩	卡片	明信片			
口罩						
咖啡	咖啡					
標籤	電池	背心袋				
標籤						
標籤	螢光筆	修正帶				
標籤	筆袋	橡皮擦				
標籤	白膠					
標籤	魔擦筆	筆芯				
標籤	便條					
牙刷	牙刷					
牙刷	背心袋					
牙刷						
牙刷	牙刷	筆芯	衛生棉	牙膏		
牙膏	棉花棒	牙刷				
牙膏	拖鞋					
牙膏	膠帶					
筆芯	筆芯					
筆芯	資料夾	筆芯				
筆芯	筆芯	口罩				
筆芯	筆芯	筆芯				
筆芯	筆芯	修正帶				
筆芯	膠帶	便條				
筆芯	筆芯	筆芯				
筆芯	膠帶	標籤				
筆芯	筆芯	禮物袋				
筆芯	筆芯	螢光筆	筆芯	筆芯		
筆芯	筆芯	筆芯				
筆芯	筆芯	魔擦筆	筆芯			
筆芯	筆芯	筆芯	鋼珠筆	筆芯	筆芯	鉛筆

